{"cameraMode":{"drawMode":0,"name":"Shaded","section":"Shading Mode"},"sceneLighting":false,"audioPlay":false,"sceneViewState":{"showFog":true,"showMaterialUpdate":false,"showSkybox":true,"showFlares":true,"showImageEffects":true,"showParticleSystems":true},"in2DMode":false,"pivot":{"x":5.119999885559082,"y":0.75,"z":7.439999580383301},"rotation":{"x":0.013936156406998635,"y":-0.9779487252235413,"z":0.06935425102710724,"w":0.19650156795978547},"size":5.2992401123046879,"orthographic":false}