{"cameraMode":{"drawMode":0,"name":"Shaded","section":"Shading Mode"},"sceneLighting":false,"audioPlay":false,"sceneViewState":{"showFog":true,"showMaterialUpdate":false,"showSkybox":true,"showFlares":true,"showImageEffects":true,"showParticleSystems":true},"in2DMode":false,"pivot":{"x":-2.9802322387695315e-8,"y":0.171599879860878,"z":-0.570210874080658},"rotation":{"x":-0.14247815310955048,"y":0.3153189420700073,"z":-0.04794219136238098,"w":-0.9370076060295105},"size":2.0237436294555666,"orthographic":false}