{"cameraMode":{"drawMode":0,"name":"Shaded","section":"Shading Mode"},"sceneLighting":false,"audioPlay":false,"sceneViewState":{"showFog":true,"showMaterialUpdate":false,"showSkybox":true,"showFlares":true,"showImageEffects":true,"showParticleSystems":true},"in2DMode":false,"pivot":{"x":435.79998779296877,"y":2.25,"z":221.7899932861328},"rotation":{"x":0.39285537600517275,"y":-0.10939934849739075,"z":0.047132063657045367,"w":0.911853015422821},"size":7.56125020980835,"orthographic":false}